new_KG4607,2942901,Video
new_KG4607,2942901,Video
new_KG4607,2942901,Video
new_KG4607,2942901,Video
new_KG4607,2942901,Video
new_KG4607,2942901,Video
new_KG4737,3171693,Video
new_KG4737,3171693,Video
new_KG4737,3171693,Video
new_KG4737,3171693,Video
new_KG4518,3378205,Video
new_KG4518,3378205,Video
new_KG4518,3378205,Video
new_KG4518,3378205,Video
new_KG4518,3378205,Video
new_KG4518,3378205,Video
new_KG7119,2881191,Video
new_KG7123,2881449,Video
new_KG7119,2881191,Video
new_KG7123,2881449,Video
new_KG7119,2881191,Video
new_KG7123,2881449,Video
new_KG7119,2881191,Video
new_KG7123,2881449,Video
new_KG7119,2881191,Video
new_KG7123,2881449,Video
new_KG4138,3035256,Video
new_KG4140,3225825,Video
new_KG4147,2895452,Video
new_KG4147,2895452,Video
new_KG4147,2895452,Video
new_KG4089,2873441,Video
new_KG4089,2873441,Video
new_KG4089,2873441,Video
new_KG4227,3217704,Video
new_KG4227,3217704,Video
new_KG4227,3217704,Video
new_KG4227,3217704,Video
new_KG4030,3211462,Video
new_KG4030,3211462,Video
new_KG4185,2893158,Video
new_KG4185,2893342,Video
new_KG4184,3058951,Video
new_KG4184,3217559,Video
new_KG4185,2893158,Video
new_KG4185,2893342,Video
new_KG4184,3058951,Video
new_KG4184,3217559,Video
new_KG4185,2893158,Video
new_KG4185,2893342,Video
new_KG4184,3058951,Video
new_KG4184,3217559,Video
new_KG4185,2893158,Video
new_KG4185,2893342,Video
new_KG4184,3058951,Video
new_KG4184,3217559,Video
new_KG4185,2893158,Video
new_KG4185,2893342,Video
new_KG4184,3058951,Video
new_KG4184,3217559,Video
new_KG4185,2893158,Video
new_KG4185,2893342,Video
new_KG4184,3058951,Video
new_KG4184,3217559,Video
new_KG4185,2893158,Video
new_KG4185,2893342,Video
new_KG4184,3058951,Video
new_KG4184,3217559,Video
new_KG4185,2893158,Video
new_KG4185,2893342,Video
new_KG4184,3058951,Video
new_KG4184,3217559,Video
new_KG6783,3223028,Video
new_KG3663,2892758,Video
new_KG3686,2893608,Video
new_KG3671,3172712,Video
new_KG3671,3172729,Video
new_KG3714,2893829,Video
new_KG3717,2894632,Video
new_KG3055,2895105,Video
new_KG3055,2895135,Video
new_KG3067,2895370,Video
new_KG3055,2900174,Video
new_KG3076,2893048,Video
new_KG3093,2893696,Video
new_KG3105,2893665,Video
new_KG3105,2893771,Video
new_KG3080,2895460,Video
new_KG3113,2893651,Video
new_KG3107,2893731,Video
new_KG3288,2942742,Video
new_KG3278,2942764,Video
new_KG3281,2942788,Video
new_KG3283,2942805,Video
new_KG3287,2942827,Video
new_KG3272,2942875,Video
new_KG3267,2943532,Video
new_KG3312,2943545,Video
new_KG3309,2943562,Video
new_KG3325,2943538,Video
new_KG3314,2943553,Video
new_KG3295,3017882,Video
new_KG3308,3017891,Video
new_KG3301,3172745,Video
new_KG3301,3172758,Video
new_KG3743,2724624,Video
new_KG3743,3017895,Video
new_KG3745,3017904,Video
new_KG3747,3017907,Video
new_KG3768,3017912,Video
new_KG3771,3017922,Video
new_KG3760,3017925,Video
new_KG3768,3157510,Video
new_KG3766,3172770,Video
new_KG3766,3172782,Video
new_KG3747,3172831,Video
new_KG3621,2893978,Video
new_KG3589,3018011,Video
new_KG3572,3018021,Video
new_KG3588,3018005,Video
new_KG2985,3017972,Video
new_KG2980,3017969,Video
new_KG3001,3017935,Video
new_KG2987,3017978,Video
new_KG3007,3017939,Video
new_KG2978,3017966,Video
new_KG3221,2760976,Video
new_KG3209,2893180,Video
new_KG3202,2893199,Video
new_KG3202,2893754,Video
new_KG3211,2894620,Video
new_KG3218,2942296,Video
new_KG3020,3018000,Video
new_KG3017,3017949,Video
new_KG3014,3017954,Video
new_KG3192,2893101,Video
new_KG3199,2893281,Video
new_KG3173,2893061,Video
new_KG3635,2893302,Video
new_KG3157,2893562,Video
new_KG3629,2893435,Video
new_KG3630,2893585,Video
new_KG3177,2893949,Video
new_KG3182,2893907,Video
new_KG3175,2894650,Video
new_KG3628,2894732,Video
new_KG3166,2895146,Video
new_KG3635,2894926,Video
new_KG3158,2895395,Video
new_KG3181,3171637,Video
new_KG3342,2892789,Video
new_KG3658,2893131,Video
new_KG3644,2893326,Video
new_KG3652,2893209,Video
new_KG3346,2893077,Video
new_KG3642,2893511,Video
new_KG3359,2893493,Video
new_KG3655,2894976,Video
new_KG3359,3171745,Video
new_KG3387,2894757,Video
new_KG3384,2895384,Video
new_KG3509,2923759,Video
new_KG3513,2923780,Video
new_KG3519,2924379,Video
new_KG3518,2924393,Video
new_KG3136,2894157,Video
new_KG3127,2894175,Video
new_KG3131,2894218,Video
new_KG3125,2894598,Video
new_KG3140,2894708,Video
new_KG3141,2894738,Video
new_KG3503,2923628,Video
new_KG3491,2923645,Video
new_KG3492,2923651,Video
new_KG3505,2923665,Video
new_KG3530,2923680,Video
new_KG3531,2923701,Video
new_KG3532,2923717,Video
new_KG3491,3172895,Video
new_KG3491,3172911,Video
new_KG3491,3173420,Video
new_KG3491,3173432,Video
new_KG3127,3214592,Video
new_KG3146,2894619,Video
new_KG3143,2894648,Video
new_KG3032,2895465,Video
new_KG3040,2895525,Video
new_KG3026,2895073,Video
new_KG3044,2895546,Video
new_KG3029,2895494,Video
new_KG3034,2922954,Video
new_KG3023,2923011,Video
new_KG3033,2923058,Video
new_KG3028,2922932,Video
new_KG3035,2922988,Video
new_KG3024,2923033,Video
new_KG3445,2924411,Video
new_KG3439,2924443,Video
new_KG3444,2924400,Video
new_KG3442,2924425,Video
new_KG3442,2924470,Video
new_KG3045,2895563,Video
new_KG3046,2922870,Video
new_KG3466,2923132,Video
new_KG3460,2923157,Video
new_KG3465,2923100,Video
new_KG3454,2923215,Video
new_KG3449,2923227,Video
new_KG3464,2923071,Video
new_KG3450,2923182,Video
new_KG3458,2923315,Video
new_KG3479,2923453,Video
new_KG3467,2923469,Video
new_KG3471,2923567,Video
new_KG3474,2923345,Video
new_KG3469,2923483,Video
new_KG3478,2923595,Video
new_KG3447,3172853,Video
new_KG3447,3172888,Video
new_KG3399,2893898,Video
new_KG3400,2893909,Video
new_KG3402,2893918,Video
new_KG3422,2893937,Video
new_KG3415,2893992,Video
new_KG3409,2894009,Video
new_KG3418,2894029,Video
new_KG3418,2894089,Video
new_KG3405,2894133,Video
new_KG3481,2923501,Video
new_KG3487,2923613,Video
new_KG3232,2893025,Video
new_KG3236,2893267,Video
new_KG3253,2894550,Video
new_KG3239,2894571,Video
new_KG3249,2895054,Video
new_KG3232,2893025,Video
new_KG3236,2893267,Video
new_KG3253,2894550,Video
new_KG3239,2894571,Video
new_KG3249,2895054,Video
new_KG3232,2893025,Video
new_KG3236,2893267,Video
new_KG3253,2894550,Video
new_KG3239,2894571,Video
new_KG3249,2895054,Video
new_KG6549,2873881,Video
new_KG6549,3173440,Video
new_KG6549,3173450,Video
new_KG6549,3173462,Video
new_KG6557,3173479,Video
new_KG6557,3173496,Video
new_KG6557,3173508,Video
new_KG6079,3173521,Video
new_KG6079,3173533,Video
new_KG6079,3173547,Video
new_KG6323,2881256,Video
new_KG6323,2881256,Video
new_KG6323,2881256,Video
new_KG6111,3173560,Video
new_KG6111,3173598,Video
new_KG6111,3173615,Video
new_KG6111,3173560,Video
new_KG6111,3173598,Video
new_KG6111,3173615,Video
new_KG6473,3223668,Video
new_KG6477,3554157,Video
new_KG6466,3173626,Video
new_KG6466,3173637,Video
new_KG6466,3173650,Video
new_KG6466,3173626,Video
new_KG6466,3173637,Video
new_KG6466,3173650,Video
new_KG2818,2727905,Video
new_KG2846,2728051,Video
new_KG2857,2728098,Video
new_KG2851,2728104,Video
new_KG2860,2728121,Video
new_KG2873,2728173,Video
new_KG2850,2761522,Video
new_KG2822,3018252,Video
new_KG2822,3018514,Video
new_KG2846,3018716,Video
new_KG2850,3018845,Video
new_KG2858,3018920,Video
new_KG2864,3019847,Video
new_KG2822,3030538,Video
new_KG2846,3030553,Video
new_KG2850,3030568,Video
new_KG2850,3157512,Video
new_KG2864,3157516,Video
new_KG2846,3157524,Video
new_KG2844,3215183,Video
new_KG2818,3266850,Video
new_KG2849,3462733,Video
new_KG2846,3213305,Coobo
new_KG2849,3213356,Coobo
new_KG2847,3213372,Coobo
new_KG2848,3213379,Coobo
new_KG2851,3760596,Coobo
new_KG2870,3760618,Coobo
new_KG2866,3760633,Coobo
new_KG36544,3760639,Coobo
new_KG2858,3760659,Coobo
new_KG2791,2940707,Video
new_KG2789,2940698,Video
new_KG2807,2942483,Video
new_KG2809,2942503,Video
new_KG2794,2942468,Video
new_KG2807,3031309,Video
new_KG2813,3031321,Video
new_KG2839,3266867,Video
new_KG2815,3213301,Coobo
new_KG2746,2940554,Video
new_KG2738,2940518,Video
new_KG2745,2940532,Video
new_KG2762,2940609,Video
new_KG2777,2940677,Video
new_KG2765,2940634,Video
new_KG2765,3061028,Video
new_KG2765,3061060,Video
new_KG2767,3061511,Video
new_KG2767,3072500,Video
new_KG2747,3077105,Video
new_KG2765,3213351,Coobo
new_KG2775,3213331,Coobo
new_KG2774,3213365,Coobo
new_KG2768,3213352,Coobo
new_KG2769,3213369,Coobo
new_KG2816,3213336,Coobo
new_KG2776,3213303,Coobo
new_KG2767,3760631,Coobo
new_KG2766,3760641,Coobo
new_KG2740,3760649,Coobo
new_KG2744,3760657,Coobo
new_KG2753,2763598,Video
new_KG2756,2763643,Video
new_KG2307,2939739,Video
new_KG2311,2939791,Video
new_KG2311,2939972,Video
new_KG2317,2940034,Video
new_KG2321,2940104,Video
new_KG2726,2940499,Video
new_KG2726,3020896,Video
new_KG2726,3021056,Video
new_KG2726,3021151,Video
new_KG2726,3021289,Video
new_KG2726,3035556,Video
new_KG2307,3076367,Video
new_KG2307,3076373,Video
new_KG2307,3076381,Video
new_KG2749,3077115,Video
new_KG2750,3077136,Video
new_KG2750,3077146,Video
new_KG2751,3077175,Video
new_KG2751,3077183,Video
new_KG2751,3077191,Video
new_KG2307,3116491,Video
new_KG2751,3157452,Video
new_KG2750,3157506,Video
new_KG2761,3174101,Video
new_KG2737,3181877,Video
new_KG2737,3182067,Video
new_KG2737,3182377,Video
new_KG2751,3845755,Video
new_KG2726,3845801,Video
new_KG2319,3213298,Coobo
new_KG2312,3213334,Coobo
new_KG2311,3213346,Coobo
new_KG2314,3213358,Coobo
new_KG2313,3213360,Coobo
new_KG2318,3760590,Coobo
new_KG2300,3760595,Coobo
new_KG2316,3760597,Coobo
new_KG2315,3760606,Coobo
new_KG2124,2763566,Video
new_KG2292,2763678,Video
new_KG2124,2763733,Video
new_KG2143,2763921,Video
new_KG2291,2763951,Video
new_KG2121,2939583,Video
new_KG2138,2939612,Video
new_KG2296,2939725,Video
new_KG2125,3077072,Video
new_KG2131,3077089,Video
new_KG2143,3157490,Video
new_KG2132,3157501,Video
new_KG2142,3211084,Video
new_KG2133,3211308,Video
new_KG2150,3211349,Video
new_KG2146,3211375,Video
new_KG2139,3211414,Video
new_KG2149,3211444,Video
new_KG2124,3211472,Video
new_KG2124,3211496,Video
new_KG2122,3831353,Video
new_KG2122,3831396,Video
new_KG2125,3846034,Video
new_KG2125,3846067,Video
new_KG2127,3846097,Video
new_KG2145,3846131,Video
new_KG2145,3846152,Video
new_KG2131,3846184,Video
new_KG2124,3213302,Coobo
new_KG2131,3213329,Coobo
new_KG2292,3213332,Coobo
new_KG2125,3213333,Coobo
new_KG2301,3213347,Coobo
new_KG2142,3213357,Coobo
new_KG2138,3213359,Coobo
new_KG2291,3213362,Coobo
new_KG2139,3213381,Coobo
new_KG2296,3760609,Coobo
new_KG2150,3760632,Coobo
new_KG2305,3760634,Coobo
new_KG2625,2763821,Video
new_KG2107,2939279,Video
new_KG2109,2939549,Video
new_KG2111,2939564,Video
new_KG2604,2940326,Video
new_KG2611,2940348,Video
new_KG2613,2940395,Video
new_KG2625,2940469,Video
new_KG2629,2940479,Video
new_KG2611,3021659,Video
new_KG2100,3076388,Video
new_KG2100,3076391,Video
new_KG2101,3076446,Video
new_KG2102,3076453,Video
new_KG2102,3076460,Video
new_KG2102,3076479,Video
new_KG2103,3076500,Video
new_KG2105,3076957,Video
new_KG2106,3076971,Video
new_KG2107,3076997,Video
new_KG2108,3077026,Video
new_KG2109,3077034,Video
new_KG2111,3077050,Video
new_KG2625,3089729,Video
new_KG2625,3089758,Video
new_KG2625,3095653,Video
new_KG2625,3095674,Video
new_KG2625,3095694,Video
new_KG2611,3140563,Video
new_KG2611,3148047,Video
new_KG2106,3157442,Video
new_KG2100,3165359,Video
new_KG2115,3211386,Video
new_KG2611,3211783,Video
new_KG2105,3831305,Video
new_KG2106,3831331,Video
new_KG2605,3213299,Coobo
new_KG2606,3213300,Coobo
new_KG2107,3213355,Coobo
new_KG2608,3213367,Coobo
new_KG2108,3760598,Coobo
new_KG2109,3760600,Coobo
new_KG2610,3760601,Coobo
new_KG2105,3760627,Coobo
new_KG2104,3760650,Coobo
new_KG2248,2758887,Video
new_KG2241,2760613,Video
new_KG2585,2762825,Video
new_KG2589,2940216,Video
new_KG2600,2940303,Video
new_KG2585,2940184,Video
new_KG2618,2940420,Video
new_KG2570,2940151,Video
new_KG2596,2940286,Video
new_KG2587,2940202,Video
new_KG2624,2940452,Video
new_KG2621,2940436,Video
new_KG2590,3021478,Video
new_KG2591,3021517,Video
new_KG2248,3021725,Video
new_KG2248,3021804,Video
new_KG2246,3023813,Video
new_KG2241,3023820,Video
new_KG2249,3023775,Video
new_KG2238,3023767,Video
new_KG2248,3029865,Video
new_KG2248,3031294,Video
new_KG2585,3089414,Video
new_KG2586,3089440,Video
new_KG2585,3089595,Video
new_KG2585,3089676,Video
new_KG2624,3122164,Video
new_KG2624,3122154,Video
new_KG2624,3122170,Video
new_KG2600,3123704,Video
new_KG2600,3123696,Video
new_KG2619,3133366,Video
new_KG2619,3133367,Video
new_KG2619,3133331,Video
new_KG2619,3133316,Video
new_KG2593,3147547,Video
new_KG2593,3157448,Video
new_KG2255,3225769,Video
new_KG2246,3261353,Video
new_KG2246,3261388,Video
new_KG2246,3261390,Video
new_KG2241,3377807,Video
new_KG2245,3699697,Video
new_KG2250,3699720,Video
new_KG2251,3699738,Video
new_KG2251,3720788,Video
new_KG2239,3213310,Coobo
new_KG2238,3213309,Coobo
new_KG2240,3213323,Coobo
new_KG2571,3760651,Coobo
new_KG2570,3760656,Coobo
new_KG2573,3760663,Coobo
new_KG2230,2760352,Video
new_KG2663,2940175,Video
new_KG2652,3021126,Video
new_KG2654,3021261,Video
new_KG2253,3023788,Video
new_KG2227,3023844,Video
new_KG2232,3023828,Video
new_KG2663,3023734,Video
new_KG2236,3035597,Video
new_KG2644,3059014,Video
new_KG2663,3061566,Video
new_KG2663,3061678,Video
new_KG2663,3061647,Video
new_KG2663,3061641,Video
new_KG2663,3061670,Video
new_KG2663,3061655,Video
new_KG2663,3061665,Video
new_KG2252,3157469,Video
new_KG2654,3157544,Video
new_KG2227,3160469,Video
new_KG2227,3160589,Video
new_KG2658,3160405,Video
new_KG2228,3165457,Video
new_KG2654,3170254,Video
new_KG2654,3170279,Video
new_KG2663,3171654,Video
new_KG2227,3171547,Video
new_KG2661,3225691,Video
new_KG2256,3225779,Video
new_KG2232,3266911,Video
new_KG2252,3377960,Video
new_KG2634,3391138,Video
new_KG2648,3391184,Video
new_KG2253,3391093,Video
new_KG2231,3699671,Video
new_KG2643,3699764,Video
new_KG2660,3699785,Video
new_KG2645,3699814,Video
new_KG2650,3699867,Video
new_KG2652,3699891,Video
new_KG2237,3213321,Coobo
new_KG2188,2723658,Video
new_KG2199,2724434,Video
new_KG2212,2724505,Video
new_KG2215,2724522,Video
new_KG2224,2761765,Video
new_KG2631,2942291,Video
new_KG2212,3020380,Video
new_KG2215,3020462,Video
new_KG2224,3020869,Video
new_KG2635,3021163,Video
new_KG2631,3021279,Video
new_KG2636,3023729,Video
new_KG2640,3023760,Video
new_KG2208,3122313,Video
new_KG2635,3135930,Video
new_KG2219,3157433,Video
new_KG2215,3157437,Video
new_KG2219,3157521,Video
new_KG2212,3157557,Video
new_KG2640,3171776,Video
new_KG2209,3172225,Video
new_KG2209,3172242,Video
new_KG2209,3172252,Video
new_KG2199,3184273,Video
new_KG2635,3217757,Video
new_KG2631,3225684,Video
new_KG2649,3225701,Video
new_KG2632,3391126,Video
new_KG2642,3391169,Video
new_KG2646,3699839,Video
new_KG2180,2723638,Video
new_KG2360,2724693,Video
new_KG2356,2724678,Video
new_KG2363,2724720,Video
new_KG2369,2727763,Video
new_KG2168,2762361,Video
new_KG2360,3021637,Video
new_KG2360,3030391,Video
new_KG2159,3122393,Video
new_KG2360,3157487,Video
new_KG2174,3157535,Video
new_KG2370,3172328,Video
new_KG2370,3172345,Video
new_KG2370,3172317,Video
new_KG2372,3254893,Video
new_KG2361,3266905,Video
new_KG36541,3689519,Video
new_KG36541,3689520,Video
new_KG2365,3213377,Coobo
new_KG2369,3760644,Coobo
new_KG2383,2727818,Video
new_KG2398,2762703,Video
new_KG2325,3021119,Video
new_KG20681,3118214,Video
new_KG2330,3147815,Video
new_KG2325,3182325,Video
new_KG2325,3215111,Video
new_KG2385,3215925,Video
new_KG2393,3266932,Video
new_KG2364,3379341,Video
new_KG2395,3473795,Video
new_KG2386,3213348,Coobo
new_KG2392,3213335,Coobo
new_KG2394,3213350,Coobo
new_KG2388,3760599,Coobo
new_KG2387,3760626,Coobo
new_KG2397,3760655,Coobo
new_KG2050,2722635,Video
new_KG2055,2722666,Video
new_KG2061,2722695,Video
new_KG2341,3021330,Video
new_KG2093,3030435,Video
new_KG2053,3122151,Video
new_KG2099,3254961,Video
new_KG2044,3462767,Video
new_KG2046,3462752,Video
new_KG2048,3462966,Video
new_KG2045,3462945,Video
new_KG2052,3463514,Video
new_KG2036,3760607,Coobo
new_KG2098,3760661,Coobo
new_KG2260,2453998,Video
new_KG2019,2722503,Video
new_KG2023,2722514,Video
new_KG2011,2722461,Video
new_KG2015,2722482,Video
new_KG2068,2722767,Video
new_KG2087,2723025,Video
new_KG2083,2722861,Video
new_KG2032,2762606,Video
new_KG2023,3022001,Video
new_KG2074,3024892,Video
new_KG2080,3025461,Video
new_KG2086,3030407,Video
new_KG2260,3030452,Video
new_KG2023,3118455,Video
new_KG2080,3122525,Video
new_KG2023,3146704,Video
new_KG2030,3146819,Video
new_KG2074,3148438,Video
new_KG2094,3157553,Video
new_KG2030,3157509,Video
new_KG2022,3178494,Video
new_KG2033,3227539,Video
new_KG2282,3254951,Video
new_KG2028,3689460,Video
new_KG36531,3689607,Video
new_KG2081,3213304,Coobo
new_KG2026,3213324,Coobo
new_KG2030,3213308,Coobo
new_KG2028,3213380,Coobo
new_KG2023,3213307,Coobo
new_KG2270,2454119,Video
new_KG2289,2454258,Video
new_KG2272,2454147,Video
new_KG2508,3021669,Video
new_KG2465,3024522,Video
new_KG2460,3024359,Video
new_KG2453,3024217,Video
new_KG2459,3108976,Video
new_KG2272,3147053,Video
new_KG2276,3148032,Video
new_KG2268,3214833,Video
new_KG2268,3254908,Video
new_KG2453,3284543,Video
new_KG2466,3284569,Video
new_KG2278,3286678,Video
new_KG2271,3286629,Video
new_KG2270,3286647,Video
new_KG2271,3286630,Video
new_KG2277,3286727,Video
new_KG2288,3286748,Video
new_KG2458,3688388,Video
new_KG2567,3689218,Video
new_KG2465,3689518,Video
new_KG2460,3699504,Video
new_KG2461,3699520,Video
new_KG2470,3213371,Coobo
new_KG2467,3213368,Coobo
new_KG2264,3213370,Coobo
new_KG2468,3213319,Coobo
new_KG2266,3760604,Coobo
new_KG2453,3760624,Coobo
new_KG2489,2759235,Video
new_KG2472,2759404,Video
new_KG2519,3021529,Video
new_KG2515,3021441,Video
new_KG2527,3021488,Video
new_KG2491,3021831,Video
new_KG2495,3024464,Video
new_KG2531,3024005,Video
new_KG2478,3025144,Video
new_KG2534,3023858,Video
new_KG2478,3058686,Video
new_KG2478,3157484,Video
new_KG2494,3160493,Video
new_KG2472,3171475,Video
new_KG2472,3171452,Video
new_KG2472,3171495,Video
new_KG2519,3204395,Video
new_KG2518,3255122,Video
new_KG2443,3275720,Video
new_KG2488,3284586,Video
new_KG2515,3688150,Video
new_KG2491,3688199,Video
new_KG2489,3698890,Video
new_KG2531,3699642,Video
new_KG2472,3213341,Coobo
new_KG2489,3213322,Coobo
new_KG2494,3760588,Coobo
new_KG2482,3760591,Coobo
new_KG2488,3760608,Coobo
new_KG2515,3760647,Coobo
new_KG2420,2760448,Video
new_KG2413,2761111,Video
new_KG2564,3021339,Video
new_KG2523,3021580,Video
new_KG2490,3024161,Video
new_KG2420,3024269,Video
new_KG2545,3024373,Video
new_KG2548,3024922,Video
new_KG2556,3025232,Video
new_KG2419,3025326,Video
new_KG2419,3261400,Video
new_KG2419,3261403,Video
new_KG2420,3275669,Video
new_KG2418,3378374,Video
new_KG2452,3378604,Video
new_KG2546,3689259,Video
new_KG2503,3689365,Video
new_KG2414,3699379,Video
new_KG2450,3760635,Coobo
new_KG2421,2759173,Video
new_KG1962,2759541,Video
new_KG2425,2759629,Video
new_KG2425,2760756,Video
new_KG2436,2942267,Video
new_KG2436,2942268,Video
new_KG1962,2943568,Video
new_KG1969,3018336,Video
new_KG2431,3023949,Video
new_KG2438,3024301,Video
new_KG2402,3024458,Video
new_KG2402,3024615,Video
new_KG2445,3024882,Video
new_KG2408,3024986,Video
new_KG2399,3025032,Video
new_KG2426,3025378,Video
new_KG2540,3025449,Video
new_KG2425,3035567,Video
new_KG1967,3058662,Video
new_KG2444,3058906,Video
new_KG2444,3058909,Video
new_KG2424,3108932,Video
new_KG1966,3116013,Video
new_KG1966,3116017,Video
new_KG2407,3116584,Video
new_KG2438,3157558,Video
new_KG2425,3171708,Video
new_KG1964,3203076,Video
new_KG1965,3203091,Video
new_KG2446,3217744,Video
new_KG2423,3225809,Video
new_KG2438,3688231,Video
new_KG2439,3688254,Video
new_KG2441,3688351,Video
new_KG2402,3699291,Video
new_KG2403,3699316,Video
new_KG2434,3699352,Video
new_KG2422,3699551,Video
new_KG1966,3836993,Video
new_KG1966,3836994,Video
new_KG1967,3836995,Video
new_KG1967,3836996,Video
new_KG1967,3836997,Video
new_KG1967,3836998,Video
new_KG1969,3837000,Video
new_KG1969,3837001,Video
new_KG1973,3837009,Video
new_KG2437,3213311,Coobo
new_KG2444,3213363,Coobo
new_KG2445,3213364,Coobo
new_KG1964,3760593,Coobo
new_KG2446,3760603,Coobo
new_KG2429,3760605,Coobo
new_KG2426,3760611,Coobo
new_KG2441,3760613,Coobo
new_KG1965,3760658,Coobo
new_KG1976,3213318,Coobo
new_KG1961,3213340,Coobo
new_KG1990,3213344,Coobo
new_KG1950,3213361,Coobo
new_KG1963,3213366,Coobo
new_KG1946,3213373,Coobo
new_KG1944,3213375,Coobo
new_KG1947,3213376,Coobo
new_KG1959,3760592,Coobo
new_KG2006,3837117,Video
new_KG2006,3837116,Video
new_KG2005,3837115,Video
new_KG2004,3837114,Video
new_KG2004,3837113,Video
new_KG2004,3837112,Video
new_KG2004,3837111,Video
new_KG2003,3837110,Video
new_KG2003,3837109,Video
new_KG2003,3837108,Video
new_KG2003,3837107,Video
new_KG2002,3837105,Video
new_KG2002,3837104,Video
new_KG2002,3837103,Video
new_KG2001,3837102,Video
new_KG2001,3837101,Video
new_KG2000,3837100,Video
new_KG1999,3837099,Video
new_KG1999,3837066,Video
new_KG1998,3837065,Video
new_KG1998,3837064,Video
new_KG1998,3837063,Video
new_KG1998,3837062,Video
new_KG1997,3837061,Video
new_KG1997,3837060,Video
new_KG1997,3837059,Video
new_KG1996,3837058,Video
new_KG1995,3837057,Video
new_KG1995,3837056,Video
new_KG1995,3837055,Video
new_KG1995,3837054,Video
new_KG1995,3837053,Video
new_KG1994,3837052,Video
new_KG1994,3837051,Video
new_KG1994,3837050,Video
new_KG1994,3837049,Video
new_KG1993,3837048,Video
new_KG1993,3837047,Video
new_KG1993,3837046,Video
new_KG1993,3837045,Video
new_KG1989,3837042,Video
new_KG1989,3837041,Video
new_KG1988,3837040,Video
new_KG1988,3837039,Video
new_KG1980,3837023,Video
new_KG1980,3837022,Video
new_KG1980,3837021,Video
new_KG1979,3837020,Video
new_KG1979,3837019,Video
new_KG1979,3837018,Video
new_KG1978,3837017,Video
new_KG1978,3837016,Video
new_KG1978,3837015,Video
new_KG1978,3837014,Video
new_KG1975,3837013,Video
new_KG1974,3837012,Video
new_KG1974,3837011,Video
new_KG1974,3837010,Video
new_KG1972,3837008,Video
new_KG1971,3837007,Video
new_KG1971,3837006,Video
new_KG1971,3837005,Video
new_KG1970,3837004,Video
new_KG1970,3837003,Video
new_KG1970,3837002,Video
new_KG1968,3836999,Video
new_KG1960,3836992,Video
new_KG1960,3836991,Video
new_KG1958,3836990,Video
new_KG1958,3836989,Video
new_KG1957,3836988,Video
new_KG1957,3836987,Video
new_KG1957,3836986,Video
new_KG1956,3836985,Video
new_KG1956,3836984,Video
new_KG1956,3836983,Video
new_KG1955,3836982,Video
new_KG1954,3836981,Video
new_KG1954,3836980,Video
new_KG1954,3836979,Video
new_KG1952,3836978,Video
new_KG1949,3836972,Video
new_KG1949,3836971,Video
new_KG1945,3836970,Video
new_KG1945,3836969,Video
new_KG1945,3836965,Video
new_KG1945,3836964,Video
new_KG1945,3836656,Video
new_KG1961,3470714,Video
new_KG1954,3451618,Video
new_KG1976,3451602,Video
new_KG1952,3451589,Video
new_KG2002,3451554,Video
new_KG2009,3451540,Video
new_KG1950,3451521,Video
new_KG1990,3451452,Video
new_KG1990,3451450,Video
new_KG1979,3451239,Video
new_KG1980,3261253,Video
new_KG1961,3217770,Video
new_KG2001,3203110,Video
new_KG2001,3203109,Video
new_KG1961,3161228,Video
new_KG1961,3160539,Video
new_KG1961,3160447,Video
new_KG1944,3116038,Video
new_KG1961,3116004,Video
new_KG1961,3108847,Video
new_KG1953,3108828,Video
new_KG1948,3058532,Video
new_KG2008,3035022,Video
new_KG1996,3018452,Video
new_KG1978,3018404,Video
new_KG2008,3018313,Video
new_KG1963,2943579,Video
new_KG1990,2943539,Video
new_KG1963,2942662,Video
new_KG1990,2942640,Video
new_KG1993,2942625,Video
new_KG1948,2759315,Video
new_KG1940,2942553,Video
new_KG2902,2942285,Video
new_KG2902,2942275,Video
new_KG1982,3018359,Video
new_KG1987,3018385,Video
new_KG1951,3018424,Video
new_KG2928,3018874,Video
new_KG2901,3019164,Video
new_KG2898,3019143,Video
new_KG2923,3019810,Video
new_KG2932,3019661,Video
new_KG2916,3019726,Video
new_KG2907,3021116,Video
new_KG2007,3034945,Video
new_KG2907,3035190,Video
new_KG2898,3056478,Video
new_KG1943,3058541,Video
new_KG2895,3108874,Video
new_KG2921,3108919,Video
new_KG2923,3108927,Video
new_KG1943,3116046,Video
new_KG1943,3116041,Video
new_KG1992,3171510,Video
new_KG1992,3171527,Video
new_KG1992,3172209,Video
new_KG2901,3203255,Video
new_KG2901,3203254,Video
new_KG2903,3203231,Video
new_KG2901,3203253,Video
new_KG1940,3266873,Video
new_KG1951,3266883,Video
new_KG1981,3451427,Video
new_KG1942,3451487,Video
new_KG2930,3473623,Video
new_KG2932,3687614,Video
new_KG1951,3836973,Video
new_KG1951,3836974,Video
new_KG1951,3836975,Video
new_KG1951,3836976,Video
new_KG1951,3836977,Video
new_KG1981,3837024,Video
new_KG1981,3837025,Video
new_KG1981,3837026,Video
new_KG1981,3837027,Video
new_KG1982,3837028,Video
new_KG1982,3837029,Video
new_KG1982,3837030,Video
new_KG1983,3837031,Video
new_KG1983,3837032,Video
new_KG1984,3837033,Video
new_KG1985,3837034,Video
new_KG1985,3837035,Video
new_KG1986,3837036,Video
new_KG1987,3837037,Video
new_KG1987,3837038,Video
new_KG1991,3837043,Video
new_KG1991,3837044,Video
new_KG2007,3837118,Video
new_KG2007,3837119,Video
new_KG2007,3837120,Video
new_KG1977,3213320,Coobo
new_KG2939,3018850,Video
new_KG2952,3019683,Video
new_KG2920,3019700,Video
new_KG2914,3019711,Video
new_KG2959,3019770,Video
new_KG2893,3020841,Video
new_KG2972,3021171,Video
new_KG2969,3021240,Video
new_KG2915,3169988,Video
new_KG2915,3170214,Video
new_KG2915,3170234,Video
new_KG2945,3203217,Video
new_KG2893,3203240,Video
new_KG2965,3217606,Video
new_KG2942,3687498,Video
new_KG2952,3687632,Video
new_KG2977,3688063,Video
new_KG2959,3688091,Video
new_KG2676,2942251,Video
new_KG2673,2942263,Video
new_KG2676,2942245,Video
new_KG2673,2942259,Video
new_KG2682,3018641,Video
new_KG2692,3018583,Video
new_KG2877,3019178,Video
new_KG2875,3019745,Video
new_KG2887,3021296,Video
new_KG2670,3035141,Video
new_KG2671,3035159,Video
new_KG2878,3035217,Video
new_KG2891,3056456,Video
new_KG2680,3108852,Video
new_KG2687,3108855,Video
new_KG2891,3115982,Video
new_KG2673,3161251,Video
new_KG2680,3171603,Video
new_KG2681,3203173,Video
new_KG2881,3203201,Video
new_KG2673,3217553,Video
new_KG2680,3217597,Video
new_KG2693,3225837,Video
new_KG2885,3255116,Video
new_KG2678,3473447,Video
new_KG2679,3473494,Video
new_KG2875,3687985,Video
new_KG2876,3688041,Video
new_KG2887,3688121,Video
new_KG2153,2723516,Video
new_KG2863,2728131,Video
new_KG2706,3018515,Video
new_KG2718,3018537,Video
new_KG2697,3018564,Video
new_KG2672,3018600,Video
new_KG2669,3018616,Video
new_KG2840,3018645,Video
new_KG2712,3018812,Video
new_KG2703,3018831,Video
new_KG2879,3018890,Video
new_KG2859,3019287,Video
new_KG2863,3019339,Video
new_KG2153,3019951,Video
new_KG2718,3108865,Video
new_KG2697,3115984,Video
new_KG2699,3116012,Video
new_KG2569,3133509,Video
new_KG2569,3147114,Video
new_KG2153,3157548,Video
new_KG2697,3171666,Video
new_KG2852,3172260,Video
new_KG2852,3172279,Video
new_KG2854,3172363,Video
new_KG2854,3172373,Video
new_KG2854,3172387,Video
new_KG2707,3217691,Video
new_KG2721,3225791,Video
new_KG2696,3255111,Video
new_KG2714,3473544,Video
new_KG2153,3839805,Video
new_KG2852,3213337,Coobo
new_KG2569,3760602,Coobo
new_KG2869,3760615,Coobo
new_KG2854,3760637,Coobo
new_KG2855,3760646,Coobo
new_KG2281,2454187,Video
new_KG2286,2454232,Video
new_KG2043,2722593,Video
new_KG2082,2722791,Video
new_KG2089,2722978,Video
new_KG2167,2723587,Video
new_KG2376,2727790,Video
new_KG2382,2727835,Video
new_KG2069,2762735,Video
new_KG2207,3020110,Video
new_KG2206,3020267,Video
new_KG2206,3020268,Video
new_KG2222,3020785,Video
new_KG2054,3024666,Video
new_KG2338,3157513,Video
new_KG2169,3157542,Video
new_KG2222,3157545,Video
new_KG2190,3174339,Video
new_KG2040,3176796,Video
new_KG2281,3214824,Video
new_KG2390,3215821,Video
new_KG2326,3215846,Video
new_KG2329,3215887,Video
new_KG2327,3227567,Video
new_KG2206,3227592,Video
new_KG2262,3227658,Video
new_KG2069,3228193,Video
new_KG2191,3228209,Video
new_KG2328,3267466,Video
new_KG2279,3286663,Video
new_KG2280,3286703,Video
new_KG2376,3379176,Video
new_KG2089,3689491,Video
new_KG2175,3213306,Coobo
new_KG2262,3213349,Coobo
new_KG2382,3213353,Coobo
new_KG2096,3760652,Coobo
new_KG5781,3018044,Video
new_KG5810,3018526,Video
new_KG5795,3018575,Video
new_KG5781,3018627,Video
new_KG5777,3018686,Video
new_KG5772,3018737,Video
new_KG5690,3019105,Video
new_KG5677,3019138,Video
new_KG5668,3019679,Video
new_KG5659,3020052,Video
new_KG5797,3034785,Video
new_KG5657,3157461,Video
new_KG5777,3157466,Video
new_KG5781,3157529,Video
new_KG5657,3157533,Video
new_KG5777,3157539,Video
new_KG5797,3213339,Coobo
new_KG5772,3213343,Coobo
new_KG5795,3213385,Coobo
new_KG5696,3760630,Coobo
new_KG5794,2763139,Video
new_KG5871,3017721,Video
new_KG5860,3018043,Video
new_KG5802,3018544,Video
new_KG5788,3018604,Video
new_KG5851,3025226,Video
new_KG5852,3025422,Video
new_KG5853,3029921,Video
new_KG5853,3034692,Video
new_KG5788,3034834,Video
new_KG5798,3034859,Video
new_KG5798,3060375,Video
new_KG5788,3157444,Video
new_KG5784,3217582,Video
new_KG5853,3218890,Video
new_KG5851,3213314,Coobo
new_KG5796,3213386,Coobo
new_KG5723,2939979,Video
new_KG5888,3017716,Video
new_KG5761,3018765,Video
new_KG5757,3018785,Video
new_KG5753,3018852,Video
new_KG5885,3025107,Video
new_KG5887,3025125,Video
new_KG5881,3025152,Video
new_KG5715,3034756,Video
new_KG5882,3034929,Video
new_KG5770,3228134,Video
new_KG5752,3261692,Video
new_KG5722,3261850,Video
new_KG5722,3261853,Video
new_KG5757,3272688,Video
new_KG5727,3760589,Coobo
new_KG5724,3760619,Coobo
new_KG5888,3760648,Coobo
new_KG5893,3760653,Coobo
new_KG5889,3760654,Coobo
new_KG5816,2763367,Video
new_KG5945,2940086,Video
new_KG5934,2942231,Video
new_KG5941,2942248,Video
new_KG5936,2942265,Video
new_KG5931,2942412,Video
new_KG5816,3018489,Video
new_KG5768,3025458,Video
new_KG5931,3034897,Video
new_KG5768,3034940,Video
new_KG5817,3157470,Video
new_KG5817,3157478,Video
new_KG5931,3157502,Video
new_KG5768,3157559,Video
new_KG5933,3157564,Video
new_KG5930,3172468,Video
new_KG5930,3172480,Video
new_KG5930,3172489,Video
new_KG5768,3218745,Video
new_KG5771,3236118,Video
new_KG5769,3261655,Video
new_KG5767,3261709,Video
new_KG5935,3213312,Coobo
new_KG5816,3213315,Coobo
new_KG5815,3213316,Coobo
new_KG5818,3213317,Coobo
new_KG5819,3213325,Coobo
new_KG5936,3213326,Coobo
new_KG5938,3213327,Coobo
new_KG5939,3213328,Coobo
new_KG5817,3213374,Coobo
new_KG5941,3213378,Coobo
new_KG5937,3213382,Coobo
new_KG5943,3213384,Coobo
new_KG5942,3760610,Coobo
new_KG5845,3760617,Coobo
new_KG5820,3760629,Coobo
new_KG5960,2939871,Video
new_KG5953,2939946,Video
new_KG5830,3018447,Video
new_KG5702,3019024,Video
new_KG5700,3019047,Video
new_KG5648,3020109,Video
new_KG5628,3020474,Video
new_KG5574,3020994,Video
new_KG5611,3020790,Video
new_KG5571,3021040,Video
new_KG5831,3034765,Video
new_KG5611,3034913,Video
new_KG5831,3040858,Video
new_KG5710,3157497,Video
new_KG5962,3172416,Video
new_KG5962,3172400,Video
new_KG5962,3172438,Video
new_KG5701,3223304,Video
new_KG5699,3256605,Video
new_KG5700,3261645,Video
new_KG5701,3272655,Video
new_KG5699,3553263,Video
new_KG5952,3213338,Coobo
new_KG5846,3760616,Coobo
new_KG5844,3760621,Coobo
new_KG5847,3760625,Coobo
new_KG5831,3760642,Coobo
new_KG5830,3760645,Coobo
new_KG5925,2942430,Video
new_KG5913,3017705,Video
new_KG5905,3017711,Video
new_KG5618,3020355,Video
new_KG5630,3020386,Video
new_KG5626,3020503,Video
new_KG5623,3020584,Video
new_KG5621,3020650,Video
new_KG5619,3157530,Video
new_KG5636,3234222,Video
new_KG5642,3256836,Video
new_KG5623,3261311,Video
new_KG5623,3836413,Video
new_KG5641,3213387,Coobo
new_KG5642,3760628,Coobo
new_KG1897,2878557,Video
new_KG1899,2878573,Video
new_KG1870,2878621,Video
new_KG1874,2878633,Video
new_KG1873,2878667,Video
new_KG1881,2878756,Video
new_KG5600,3020949,Video
new_KG1897,3725275,Video
new_KG1899,3731734,Video
new_KG1881,3732151,Video
new_KG5591,3213313,Coobo
new_KG5606,3213345,Coobo
new_KG5607,3213388,Coobo
new_KG5596,3213389,Coobo
new_KG1131,2874013,Video
new_KG1922,2875928,Video
new_KG1888,2878737,Video
new_KG1872,2878650,Video
new_KG1922,3725297,Video
new_KG1882,3764540,Video
new_KG1148,2847243,Video
new_KG1123,2873575,Video
new_KG1127,2873997,Video
new_KG1138,2874155,Video
new_KG1135,2874565,Video
new_KG1148,3708106,Video
new_KG1155,2873485,Video
new_KG1167,2873710,Video
new_KG1164,2873626,Video
new_KG1196,2873749,Video
new_KG1154,2874035,Video
new_KG1158,2874100,Video
new_KG1147,2874137,Video
new_KG1170,2878592,Video
new_KG1325,2814701,Video
new_KG1325,2835037,Video
new_KG1333,2846922,Video
new_KG1329,2847037,Video
new_KG1330,2847083,Video
new_KG1331,2847113,Video
new_KG1166,2847763,Video
new_KG1338,3692756,Video
new_KG1338,3692757,Video
new_KG1338,3692758,Video
new_KG1341,3694708,Video
new_KG1325,3699917,Video
new_KG1327,3707880,Video
new_KG1328,3707907,Video
new_KG1343,3799802,Video
new_KG1340,3800189,Video
new_KG1166,3800406,Video
new_KG36566,3803849,Video
new_KG1374,3831450,Video
new_KG1399,2835091,Video
new_KG1387,2847210,Video
new_KG1212,2878834,Video
new_KG1204,2878808,Video
new_KG1206,3764856,Video
new_KG1204,3765169,Video
new_KG1204,3765171,Video
new_KG1377,3837336,Video
new_KG1378,3839038,Video
new_KG1650,2751609,Video
new_KG1230,2878797,Video
new_KG1215,2878859,Video
new_KG1222,2878820,Video
new_KG1223,2878770,Video
new_KG1229,2878788,Video
new_KG1682,2751514,Video
new_KG1680,2751758,Video
new_KG1670,2751941,Video
new_KG1693,2751963,Video
new_KG1675,2765886,Video
new_KG1671,3470596,Video
new_KG1671,3470597,Video
new_KG1700,2751502,Video
new_KG1529,2751272,Video
new_KG1524,2751920,Video
new_KG1487,2751934,Video
new_KG1494,2751970,Video
new_KG1514,2751982,Video
new_KG1687,2751951,Video
new_KG1507,2751976,Video
new_KG1488,2758976,Video
new_KG1492,2758995,Video
new_KG1486,2759013,Video
new_KG1518,2759056,Video
new_KG1519,2759087,Video
new_KG3181,3171637,Video
new_KG1514,3699418,Video
new_KG1517,3699597,Video
new_KG1553,2751290,Video
new_KG1571,2751606,Video
new_KG1552,2751620,Video
new_KG1567,2751664,Video
new_KG1530,2751726,Video
new_KG1583,2752114,Video
new_KG1548,2758983,Video
new_KG1571,3135922,Video
new_KG1709,2750386,Video
new_KG1707,2750422,Video
new_KG1724,2750482,Video
new_KG1713,2750633,Video
new_KG1719,2750642,Video
new_KG1714,2752269,Video
new_KG1714,2765868,Video
new_KG1732,2772331,Video
new_KG1732,3161189,Video
new_KG1746,2750321,Video
new_KG1772,2750405,Video
new_KG1750,2750415,Video
new_KG1755,2750494,Video
new_KG1738,2750520,Video
new_KG1764,2750532,Video
new_KG1768,2750657,Video
new_KG1777,2750677,Video
new_KG1782,2750710,Video
new_KG1758,2751232,Video
new_KG1740,2752136,Video
new_KG1786,2750307,Video
new_KG1820,2750336,Video
new_KG1811,2750375,Video
new_KG1810,2750400,Video
new_KG1857,2750504,Video
new_KG1792,2750724,Video
new_KG1838,2751553,Video
new_KG1817,2751672,Video
new_KG1805,2751711,Video
new_KG1800,2751821,Video
new_KG1851,2752015,Video
new_KG1786,2759046,Video
new_KG1833,2765864,Video
new_KG1471,2892139,Video
new_KG1462,3387493,Video
new_KG1456,3394064,Video
new_KG1457,3394078,Video
new_KG1455,3394108,Video
new_KG1468,3663450,Video
new_KG1470,3692849,Video
new_KG1458,3692963,Video
new_KG1457,3703369,Video
new_KG1458,3703416,Video
new_KG1466,3714698,Video
new_KG1460,3715943,Video
new_KG1466,3715957,Video
new_KG1466,3716036,Video
new_KG1461,3731692,Video
new_KG1459,3739948,Video
new_KG1254,2892014,Video
new_KG1254,2892015,Video
new_KG1261,2892027,Video
new_KG1475,2892254,Video
new_KG1480,2892296,Video
new_KG1476,2892818,Video
new_KG1480,3214655,Video
new_KG1255,3215668,Video
new_KG1257,3215672,Video
new_KG1257,3215689,Video
new_KG1257,3215701,Video
new_KG1262,3215719,Video
new_KG1264,3217958,Video
new_KG1264,3219292,Video
new_KG1264,3221224,Video
new_KG1265,3221570,Video
new_KG1254,3221772,Video
new_KG1258,3255977,Video
new_KG1253,3272868,Video
new_KG1253,3277058,Video
new_KG1261,3287120,Video
new_KG1261,3287134,Video
new_KG1485,3287226,Video
new_KG1268,3387554,Video
new_KG1259,3398020,Video
new_KG1256,3398038,Video
new_KG1268,3398532,Video
new_KG1250,3686933,Video
new_KG1250,3688289,Video
new_KG1485,3692874,Video
new_KG1483,3692902,Video
new_KG1483,3715890,Video
new_KG1480,3716203,Video
new_KG1268,3716272,Video
new_KG1260,3731661,Video
new_KG1268,3731733,Video
new_KG1266,3731767,Video
new_KG1266,3731799,Video
new_KG1250,3755350,Video
new_KG1067,2892043,Video
new_KG1078,2892071,Video
new_KG1077,2892085,Video
new_KG1061,2892100,Video
new_KG1069,2892129,Video
new_KG1062,3222120,Video
new_KG1420,3226986,Video
new_KG1077,3227818,Video
new_KG1077,3235402,Video
new_KG1080,3236242,Video
new_KG1420,3251200,Video
new_KG1082,3256085,Video
new_KG1058,3256647,Video
new_KG1058,3256667,Video
new_KG1057,3261494,Video
new_KG1054,3261644,Video
new_KG1056,3261981,Video
new_KG1057,3262706,Video
new_KG1073,3263189,Video
new_KG1075,3267875,Video
new_KG1067,3269166,Video
new_KG1068,3271759,Video
new_KG1060,3271760,Video
new_KG1079,3277955,Video
new_KG1081,3278038,Video
new_KG1069,3392617,Video
new_KG1420,3392636,Video
new_KG1051,3452018,Video
new_KG1052,3452030,Video
new_KG1047,3465278,Video
new_KG1047,3465295,Video
new_KG1069,3465338,Video
new_KG1066,3672320,Video
new_KG1406,3672453,Video
new_KG1060,3692733,Video
new_KG1056,3692771,Video
new_KG1057,3693008,Video
new_KG1064,3703130,Video
new_KG1064,3703202,Video
new_KG1066,3703244,Video
new_KG1052,3703459,Video
new_KG1063,3712933,Video
new_KG1065,3713151,Video
new_KG1052,3713203,Video
new_KG1052,3713246,Video
new_KG1068,3716092,Video
new_KG1055,3716132,Video
new_KG1063,3718906,Video
new_KG1267,3719141,Video
new_KG1051,3731829,Video
new_KG1051,3731877,Video
new_KG1052,3755301,Video
new_KG1074,3755387,Video
new_KG1404,3755415,Video
new_KG1048,3830779,Video
new_KG1049,3830845,Video
new_KG1032,2892332,Video
new_KG1012,2892403,Video
new_KG1025,2892602,Video
new_KG1009,2892634,Video
new_KG1417,2892651,Video
new_KG1409,2892678,Video
new_KG1002,3215650,Video
new_KG1002,3215663,Video
new_KG1004,3219071,Video
new_KG1027,3226514,Video
new_KG1027,3226702,Video
new_KG1029,3263347,Video
new_KG1005,3267891,Video
new_KG1414,3277997,Video
new_KG1416,3387511,Video
new_KG1007,3392590,Video
new_KG1415,3392650,Video
new_KG1415,3392703,Video
new_KG1418,3392736,Video
new_KG1012,3394090,Video
new_KG1412,3452043,Video
new_KG1029,3465318,Video
new_KG1009,3663847,Video
new_KG1016,3672361,Video
new_KG1014,3672404,Video
new_KG1024,3672430,Video
new_KG1030,3692803,Video
new_KG1013,3692940,Video
new_KG1412,3703323,Video
new_KG1419,3716605,Video
new_KG1031,3718808,Video
new_KG1012,3755232,Video
new_KG1419,3755264,Video
new_KG1001,3830241,Video
new_KG1012,3830445,Video
new_KG1274,2751598,Video
new_KG1274,2751693,Video
new_KG1274,2751700,Video
new_KG1274,2751789,Video
new_KG1278,2751873,Video
new_KG1283,2751998,Video
new_KG1274,2752051,Video
new_KG1270,2752097,Video
new_KG1274,2759065,Video
new_KG1289,2759110,Video
new_KG1041,2892366,Video
new_KG1034,3214643,Video
new_KG1041,3261659,Video
new_KG1043,3451986,Video
new_KG1043,3452000,Video
new_KG1036,3465233,Video
new_KG1043,3703280,Video
new_KG1269,3764548,Video
new_KG1270,3764584,Video
new_KG1271,3764616,Video
new_KG1272,3764645,Video
new_KG1273,3764660,Video
new_KG1274,3764695,Video
new_KG1274,3764703,Video
new_KG1275,3786546,Video
new_KG1276,3786573,Video
new_KG1277,3786596,Video
new_KG1278,3786618,Video
new_KG1279,3786641,Video
new_KG1280,3786658,Video
new_KG1281,3786675,Video
new_KG1282,3786696,Video
new_KG1283,3786705,Video
new_KG1284,3786741,Video
new_KG1286,3786781,Video
new_KG1288,3786831,Video
new_KG1289,3786853,Video
new_KG1290,3786871,Video
new_KG1291,3786918,Video
new_KG1292,3786945,Video
new_KG1293,3786973,Video
new_KG1040,3830653,Video
new_KG1425,2750621,Video
new_KG1421,2751841,Video
new_KG1315,2752063,Video
new_KG1301,2752074,Video
new_KG1311,2752177,Video
new_KG1428,2752251,Video
new_KG1426,2752153,Video
new_KG1295,2752230,Video
new_KG1317,2752193,Video
new_KG1313,2759026,Video
new_KG1285,3786761,Video
new_KG1287,3786809,Video
new_KG1294,3787009,Video
new_KG1295,3787036,Video
new_KG1296,3787074,Video
new_KG1297,3787099,Video
new_KG1298,3787124,Video
new_KG1441,2751489,Video
new_KG1598,2751775,Video
new_KG1445,2751852,Video
new_KG1453,2751898,Video
new_KG1435,2752244,Video
new_KG1603,2759005,Video
new_KG1433,2759099,Video
new_KG1442,2759126,Video
new_KG1453,3266923,Video
new_KG1433,3699916,Video
new_KG1614,2751635,Video
new_KG1628,2751645,Video
new_KG1597,2751766,Video
new_KG1608,2751810,Video
new_KG1634,2752009,Video
new_KG1638,2752122,Video
new_KG1624,2752168,Video
new_KG1642,2752203,Video
new_KG1633,2759101,Video
new_KG1632,2895442,Video
new_KG1623,3225585,Video
new_KG5529,2889148,Video
new_KG5532,2889158,Video
new_KG5538,2889130,Video
new_KG5529,3018047,Video
new_KG5550,2774693,Video
new_KG5546,2774760,Video
new_KG5136,2873954,Video
new_KG5138,2874052,Video
new_KG5144,2874095,Video
new_KG5146,2874465,Video
new_KG5108,2881164,Video
new_KG5123,2881172,Video
new_KG5101,2881157,Video
new_KG5112,2880943,Video
new_KG5133,2881033,Video
new_KG5131,2881137,Video
new_KG5115,3157459,Video
new_KG5378,2772886,Video
new_KG5454,2776470,Video
new_KG5428,2776829,Video
new_KG5153,2874353,Video
new_KG5419,2889229,Video
new_KG5393,3054831,Video
new_KG5386,3054855,Video
new_KG5466,2775830,Video
new_KG5315,2889011,Video
new_KG5301,2889055,Video
new_KG5294,3053896,Video
new_KG5459,3054062,Video
new_KG5329,2775014,Video
new_KG5324,2776719,Video
new_KG5219,2881182,Video
new_KG5265,2884198,Video
new_KG5278,2884266,Video
new_KG5263,2883974,Video
new_KG5279,2884219,Video
new_KG5282,2884259,Video
new_KG5271,2884304,Video
new_KG5485,2765020,Video
new_KG5228,2881206,Video
new_KG5254,2881219,Video
new_KG5233,2881307,Video
new_KG5247,2881409,Video
new_KG5346,2771477,Video
new_KG5402,2772067,Video
new_KG5399,2772497,Video
new_KG5160,2775395,Video
new_KG5165,2776940,Video
new_KG5075,2881631,Video
new_KG5056,2883323,Video
new_KG5065,2883380,Video
new_KG5093,2883401,Video
new_KG5095,2883691,Video
new_KG5089,2883835,Video
new_KG5160,2775395,Video
new_KG5165,2776940,Video
new_KG5075,2881631,Video
new_KG5056,2883323,Video
new_KG5065,2883380,Video
new_KG5093,2883401,Video
new_KG5095,2883691,Video
new_KG5089,2883835,Video
